{
  "tag": "opt_b48",
  "device": "cuda",
  "gpu": "NVIDIA H100 80GB HBM3",
  "dtype": "bf16",
  "compile": true,
  "tf32": true,
  "sdpa": true,
  "fused_adam": true,
  "xent": true,
  "tie": true,
  "config": {
    "d_model": 768,
    "n_heads": 12,
    "n_layers": 12,
    "d_mlp": 3072,
    "seq_len": 1024,
    "vocab": 50257
  },
  "batch": 48,
  "n_params": 124490065,
  "warmup": 5,
  "iters": 20,
  "phases": {
    "train": {
      "phase": "train",
      "step_ms_median": 239.63150702184066,
      "step_ms_min": 238.12691599596292,
      "tokens_per_sec": 205114.93088227397,
      "peak_mem_gb": 57.736865792
    },
    "eval": {
      "phase": "eval",
      "step_ms_median": 66.68398802867159,
      "step_ms_min": 66.0676610423252,
      "tokens_per_sec": 737088.4893516941,
      "peak_mem_gb": 16.938108928
    }
  }
}